71,306822,GLADE DISCOS ACTIVOS FULL  CORTO 11.5 ML DISC,12,1,1,0
73,320929,BLEM LIMPIA MP BT 800 ML/12/AR,12,1,1,0
75,341732,BLEM CERA CERAMICOS FLO. DP DISC,15,1,1,0
79,336139,BLEM LIMPIA CITRUS DP 400 ML/15/AR,15,1,1,0
81,320273,BLEM LISTO LIMPIA MP FLO DP 400 ML/15 DISC/AR,15,1,1,0
82,320277,CERAMICOL DP INCOLORO X 450 ML/15/AR,15,1,1,0
83,320281,ECHO CLASICO DP 450 ML/15/AR,15,1,1,0
85,323409,MR MUSCULO MULTI LAVANDA DP 450  ML,15,1,1,0
86,354249,MR MUSCULO BANO DOYPACK 12X450 ML,15,1,1,0
88,343521,MR MUSCULO EXTRA POWER DP 450  ML,15,1,1,0
89,343525,MR MUSCULO ANTIGRASA COCINA DP 450  ML,15,1,1,0
90,320283,ECHO LISTO LAVANDA BT 800 ML/12/AR,12,1,1,0
91,341605,BLEM CERA BOTELLA ACRILICO X 800 ML/12/AR,12,1,1,0
92,341604,BLEM CERA BOTELLA INC. X 800 ML/12/AR,12,1,1,0
93,341606,BLEM CERA BOTELLA ROJO X 800 ML/12/AR,12,1,1,0
94,341607,BLEM CERA BOTELLA NEGRO X 800 ML/12/AR,12,1,1,0
95,336138,BLEM LIMPIA CITRUS BT 800 ML/12/AR,12,1,1,0
96,333492,LYSOFORM ON THE GO LAVANDA 55 ML,12,1,1,0
97,338704,LYSOFORM SANITIZANTE FLORAL 185 CC,12,1,1,0
98,359114,LYSOFORM SANITIZANTE REFRESH 185 CC,12,1,1,0
99,338780,LYSOFORM APC PINO 1800ML/8 AR,8,1,1,0
100,368902,BLEM AERO ORIGINAL 360 ML/12 AR,12,1,1,0
102,329317,BLEM AERO BONUS ORIGINAL 420 ML. X 12 DISC,12,1,1,0
103,368952,BLEM AERO PREMIUM ARGAN 360 ML,12,1,1,0
106,319511,PATO GEL MANUAL SARRO CITRUS,12,1,1,0
107,319512,PATO GEL MANUAL SARRO MARINA,12,1,1,0
108,368946,BLEM AERO LAVANDA 360 ML/12 AR,12,1,1,0
109,334975,BLEM CREMA ORIGINAL MADERA 200ML/12/AR,12,1,1,0
110,334976,BLEM CREMA LAVANDA GRANITO 200ML/12/AR,12,1,1,0
117,368950,BLEM AERO LIMON ACERO/METAL 360 ML,12,1,1,0
118,368948,BLEM AERO NARANJA GRANITO 360 ML,12,1,1,0
119,349322,BLEM AERO LIMPIA CITRUS 360ML X 12 AR,12,1,1,0
120,349321,BLEM AERO LIMPIA FLORAL 360ML X 12 AR,12,1,1,0
121,349858,LYSOFORM MULTISUPERFICIES DP 15X450 ML/A,15,1,1,0
122,347751,LYSOFORM MULTISURFACE GATILLO12X500ML AR.,12,1,1,0
126,329265,PATO CANASTA SOLIDA PREMIUM PINO 38.6GR/8,8,1,1,0
127,329264,PATO CANASTA SOLIDA PREMIUM CITRUS 38.6GR/8,8,1,1,0
131,341613,PATO GEL MANUAL DURAZNO GALACTICO,12,1,1,0
132,341614,PATO GEL MANUAL FLORES LUNARES,12,1,1,0
138,341615,PATO ADHESIVO DURAZNO 24.6GR/24 AR,24,1,1,0
139,341616,PATO ADHESIVO FLORES 24.6GR/24 AR,24,1,1,0
144,329319,BLEM LIMPIA CITRUS GAT 500ML X 12 AR,12,1,1,0
145,329596,BLEM LIMPIA CITRUS DP 450ML X 15 AR,15,1,1,0
146,341621,PATO DISCO ADHESIVO REP DURAZNO 36ML/24AR,24,1,1,0
147,341622,PATO DISCO ADHESIVO REP FLORES 36ML/24AR,24,1,1,0
150,368923,CERAMICOL AERO ORIGINAL 360ML/12 AR,12,1,1,0
152,341731,BLEM  CERA DP INC X 450 ML/15/AR,15,1,1,0
153,341733,BLEM CERA CERAMICOS ROJO DP 450 ML/15/AR,15,1,1,0
154,336136,BLEM PISOS PLAST ALMENDRA DP 450 ML/15/AR,15,1,1,0
155,341734,BLEM CERA PORCELAN. INC. DP 450 ML/15/AR,15,1,1,0
156,341732,BLEM CERA  FLORAL DP 450 ML/15/AR,15,1,1,0
250,337980,GLADE AUTOMATICO REP ECON LIMON 170ML,6,1,1,0
251,337981,GLADE AUTOMATICO REP LAVANDA &VAINILLA170ML,6,1,1,0
258,325260,GLADE TOQUE FULL MANDARINA 12 ML DISC,12,1,1,0
259,346308,GLADE ACEITES REP TWIN TROP FLORAL 2X21 ML,6,1,1,0
260,337988,GLADE AUTOMATICO REP FLORES TROPICAL Y COCO 270ML,6,1,1,0
261,329257,GLADE TOQUE REP FLORES TROP COCO 9GRS DISC,12,1,1,0
302,320285,ECHO CLASICO BT 2 LT/6/AR,6,1,1,0
303,320286,ECHO CLASICO BT 5 LT/4/AR,4,1,1,0
309,338777,LYSOFORM APC  LAVANDA 12X900ML AR,12,1,1,0
310,338778,LYSOFORM APC  PINO 12X900 ML AR,12,1,1,0
311,338779,LYSOFORM APC  FLORAL 12X900ML AR,12,1,1,0
313,338781,LYSOFORM APC  LAVANDA 8X1800ML AR,8,1,1,0
314,338782,LYSOFORM APC  FLORAL 8X1800ML AR,8,1,1,0
315,338783,LYSOFORM APC  LAVANDA 3X4L AR,3,1,1,0
316,338784,LYSOFORM APC  FLORAL 3X4L AR,3,1,1,0
354,341608,BLEM CERA PORCELAN. INC. BT 800 ML/12/AR,12,1,1,0
355,341609,BLEM CERA CEMENTO INC. BT 800 ML/12/AR,12,1,1,0
357,321737,BLEM CERA CEMENTO DP INC 450 ML. X 12 DISC,15,1,1,0
359,320950,BLEM LIMPIA MP DP 400 ML/15/AR,15,1,1,0
360,321733,BLEM LIMPIA MP LAVANDA DP 400 ML/15/AR,15,1,1,0
368,667926,CERAMICOL PISOS PLASTIFICADOS 900 ML,12,1,1,0
370,368927,CERAMICOL AERO NARANJA 360 ML,12,1,1,0
371,368925,CERAMICOL AERO LAVANDA 360 ML/12 AR,12,1,1,0
378,668520,CERAMICOL LAMPAZOL 900 ML,12,1,1,0
386,312377,GLADE APC FLORAL PERFECTION 4 LITROS,3,1,1,0
387,312379,GLADE APC LAVANDA 4 LITROS,3,1,1,0
388,312380,GLADE APC HARMONY 4 LITROS,3,1,1,0
389,312381,GLADE APC MANANA DE CAMPO 4 LTS DISC,3,1,1,0
392,312340,GLADE APC FLORAL PERFECTION 900 ML,12,1,1,0
393,312341,GLADE APC PARAISO AZUL 900 ML,12,1,1,0
394,312342,GLADE APC BOSQUE DE PINOS 900 ML,12,1,1,0
395,312348,GLADE APC BEBE 900 ML,12,1,1,0
396,312349,GLADE APC LAVANDA 900 ML,12,1,1,0
397,312350,GLADE APC HARMONY 900 ML,12,1,1,0
398,312351,GLADE APC I LOVE YOU 900 ML,12,1,1,0
399,312352,GLADE APC MANANA DE CAMPO 900 ML DISC,12,1,1,0
400,319655,GLADE APC LAVANDA 5 LT. X 4,4,1,1,0
401,319656,GLADE APC FLORAL 5 LT. X 4,4,1,1,0
402,319660,MR MUSCULO MULTI BIDON 5 LT. X 4,4,1,1,0
403,319659,MR MUSCULO EXTRA POWER BIDON 5 LT.,4,1,1,0
412,312363,GLADE APC FLORAL PERFECTION 1800 ML,8,1,1,0
413,312365,GLADE APC LAVANDA 1800 ML,8,1,1,0
414,312367,GLADE APC BOSQUE DE PINOS 1800 ML DISC,8,1,1,0
415,312369,GLADE APC PARAISO AZUL 1800 ML,8,1,1,0
450,317555,ZIPLOC BOLSA  LLEVAR CHICA 14UN,12,1,1,0
451,317556,ZIPLOC BOLSA LLEVAR CHICA  50UN,12,1,1,0
452,317557,ZIPLOC BOLSA LLEVAR EXTRA CHICA  50UN,12,1,1,0
454,317640,ZIPLOC BOLSA MULTIPACK 9UN,12,1,1,0
455,319475,ZIPLOC BOLSA ORGANIZAR GRANDE15UN,12,1,1,0
456,319474,ZIPLOC BOLSA ORGANIZAR MEDIANA 20UN,12,1,1,0
458,317558,ZIPLOC BOLSA CONSERVA GRANDE 10UN,12,1,1,0
459,317559,ZIPLOC BOLSA CONSERVA MEDIANA 12UN,12,1,1,0
460,317641,ZIPLOC BOLSA CONSERVA GRANDE 19UN DISC,12,1,1,0
461,317642,ZIPLOC BOLSA CONSERVA MEDIANA 24UN,12,1,1,0
466,317643,ZIPLOC BOLSA FREZEER MEDIANA 20/12UN AR,12,1,1,0
467,337915,ZIPLOC DISNEY MICKEY SANDWICH X 25UN DISC,12,1,1,0
468,337911,ZIPLOC DISNEY MICKEY ORGANIZAR X 11UN DISC,12,1,1,0
500,339948,GLADE AERO JAZMIN 360ML/6 AR DISC,6,1,1,0
501,341361,GLADE AERO LAVANDA 360ML/6 DISC,6,1,1,0
506,341364,GLADE AERO ALGODON CRSS 360ML/6 DISC,6,1,1,0
507,339946,GLADE AERO BEBE 360ML/6 AR DISC,6,1,1,0
509,339941,GLADE AERO I LOVE YOU 360ML/6 AR,6,1,1,0
512,339949,GLADE AERO MAÑANA CAMPO 360ML DISC,6,1,1,0
513,341360,GLADE AERO POTPOURRI 360ML/6 DISC,6,1,1,0
514,339947,GLADE AERO HARMONY 360ML/6 DISC,6,1,1,0
517,339942,GLADE AERO VANILLA 360ML/6 DISC,6,1,1,0
521,341363,GLADE AERO PARAISO AZUL 360 DISC,6,1,1,0
556,346307,GLADE ACEITES REP LIMON 21 ML,6,1,1,0
558,346303,GLADE ACEITES REP HARMONY 21 ML,6,1,1,0
559,346305,GLADE ACEITES REP VAINILLA 21 ML,6,1,1,0
561,346301,GLADE ACEITES FULL FRAG MIXTAS X21ML,6,1,1,0
565,346306,GLADE ACEITES REP LAVANDA REP 21 ML,6,1,1,0
566,346304,GLADE ACEITES REP TROPICAL FLORAL 21 ML.,6,1,1,0
570,328538,LYSOFORM AERO ORIGINAL 360 DISC,12,1,1,0
571,328539,LYSOFORM AERO AIRE DE MONTANA 360 DISC,12,1,1,0
572,328580,LYSOFORM AERO BEBE 360 ML,12,1,1,0
573,328582,LYSOFORM AERO CITRICA 360 ML,12,1,1,0
574,328581,LYSOFORM AERO LAVANDA 360 ML,12,1,1,0
577,329484,LYSOFORM AERO ORIGINAL BONUS 420 DISC,12,1,1,0
587,337994,GLADE AUTOMATICO APARATO MANZANA Y CANELA 270ML,4,1,1,0
588,337982,GLADE AUTOMATICO REP MANZANA Y CANELA 270ML,6,1,1,0
589,337983,GLADE AUTOMATICO REP CARICIAS DE ALGODON 270ML,6,1,1,0
590,337984,GLADE AUTOMATICO REP HAWAIIAN BREEZE 270ML,6,1,1,0
591,337985,GLADE AUTOMATICO REP LAVANDA &VAINILLA 270ML,6,1,1,0
595,337991,GLADE AUTOMATICO REP VANILLA 270ML,6,1,1,0
598,329249,GLADE TOQUE FULL LAVANDA 9GR DISC,12,1,1,0
600,328583,LYSOFORM AERO FRUTAL 360 ML,12,1,1,0
601,344837,GLADE MINIGEL LAVANDA  70GR,12,1,1,0
620,329254,GLADE TOQUE REP LAVANDA 2X9GR - TWINPACK,6,1,1,0
626,346309,GLADE ACEITES REP TWIN VAINILLA 2X21 ML,6,1,1,0
633,329253,GLADE TOQUE REP LAVANDA 9GR,12,1,1,0
648,329256,GLADE TOQUE REP MANANA DE CAMPO 9GR,12,1,1,0
654,319666,GLADE TOQUE REP TWIN TROPICAL 2X9 DISC,6,1,1,0
658,329250,GLADE TOQUE FULL HARMONY 9GR,12,1,1,0
666,674342,GLADE AUTOSPORT FULL ACQUA,6,1,1,0
669,683481,GLADE AUTOSPORT FULL MENTA FRESCA 7 ML,6,1,1,0
671,355499,GLADE AUT REP TWIN PROMO 20% LAV+VAI 2 DISC,6,1,1,0
675,691167,GLADE AUTOSPORT REP VAINILLA 7 ML,12,1,1,0
691,337992,GLADE AUTOMATICO REP FLORAL PERF 175G/6 AR,6,1,1,0
693,333794,GLADE TOQUE REP HARMONY 9GR,12,1,1,0
698,341362,GLADE AERO LIMON 360CCX6 DISC,6,1,1,0
700,329261,GLADE TOQUE REP VAINILLA 9GR DISC,12,1,1,0
720,354245,MR MUSCULO BANO GATILLO12X500ML AR,12,1,1,0
724,359118,LYSOFORM SANITIZANTE REFRESH 47 ML,36,1,1,0
725,333641,LYSOFORM SANITIZANTE FLORAL 47 ML,36,1,1,0
726,333642,LYSOFORM SANITIZANTE REFRESH 250 ML,12,1,1,0
727,333643,LYSOFORM SANITIZANTE FLORAL 250 ML,12,1,1,0
728,314918,LYSOFORM JABON LIQUIDO REFRESH 250 ML,12,1,1,0
729,314919,LYSOFORM JABON LIQUIDO FLORAL 250 ML,12,1,1,0
730,364982,LYSOFORM JABON LIQUIDO REFRESH REPUESTO 220 ML,12,1,1,0
754,314909,LYSOFORM ADHESIVO FRESCURA EXTREMA 30 GR,24,1,1,0
755,314910,LYSOFORM ADHESIVO CITRICA 30 GR,24,1,1,0
756,306821,GLADE DISCO ACTIVO FULL LARGO LAV 36 ML DISC,12,1,1,0
757,308541,GLADE DISCOS ACTIVOS REP LIMON 36 ML DISC,24,1,1,0
758,308777,GLADE DISCOS ACTIVOS REP LAVANDA DISC,24,1,1,0
759,327996,PATO CANASTA LIQUIDA FULL MARINA 50 ML,12,1,1,0
760,673715,GLADE CANASTA SOLIDA FULL 2 FRAG 27.5 GR,12,1,1,0
761,673716,GLADE CANASTA SOLIDA REP 2 FRAG  27.5 GR,24,1,1,0
762,327997,PATO CANASTA LIQUIDA REP MARINA 50 ML,12,1,1,0
764,316908,GLADE LIMPIA INODOROS ADHESIVO LAVANDA UNITARIO,72,1,1,0
765,314908,LYSOFORM MTBC ACTIVE POWER LAV 500 ML,12,1,1,0
766,658581,GLADE CANASTA LIQUIDA FULL I LOVE YOU 50 ML,12,1,1,0
767,658582,GLADE CANASTA LIQUIDA REP I LOVE YOU 50 ML,12,1,1,0
778,306611,GLADE LIMPIA INODORO ADHESIVO CAMPOS DE LAVANDA X3,24,1,1,0
780,658576,GLADE CANASTA LIQUIDA FULL LAVANDA 50 ML,12,1,1,0
781,658577,GLADE CANASTA LIQUIDA REP LAVANDA 50 ML,12,1,1,0
788,309982,LYSOFORM CANASTA SOLIDA PREMIUM MARINA 37G/8 AR,8,1,1,0
789,309997,LYSOFORM CANASTA SOLIDA PREMIUM CITRUS 37G/8 AR,8,1,1,0
791,658578,GLADE CANASTA LIQUIDA FULL MANANA DE CAMPO 50 ML,12,1,1,0
792,658579,GLADE CANASTA LIQUIDA REP MDC 50 ML DISC,12,1,1,0
793,658580,GLADE CANASTA LIQUIDA REP BRISA CUMBRES 50 ML,12,1,1,0
794,673711,GLADE PASTILLAS LAVANDA 25 GR,24,1,1,0
795,673713,GLADE PASTILLAS PINO 25 GR,24,1,1,0
796,673712,GLADE PASTILLAS MANANA DE CAMPO 25 GR,24,1,1,0
805,343520,MR MUSCULO EXTRA POWER GAT 500  ML,12,1,1,0
808,343523,MR MUSCULO EXTRA POWER DP 12X900ML,12,1,1,0
810,314390,MR MUSCULO MULTI GATILLO 500CM3/12 AR,12,1,1,0
812,676828,MR MUSCULO MULTI REP DOY 900  ML,12,1,1,0
818,303179,GLADE LIMPIA INODORO ADHESIVO FLORAL PERFECTION X3,24,1,1,0
819,327998,PATO CANASTA LIQUIDA REP CITRUS 50 ML,12,1,1,0
822,343527,MR MUSCULO ANTIGRASA COCINA DP 900  ML,12,1,1,0
835,314907,LYSOFORM MTBC ACTIVE POWER CITRIC 500 ML,12,1,1,0
838,319520,PATO ADHESIVO CITRUS 24.6 GR,24,1,1,0
840,356739,MR MUSCULO LIMPIAHORNOS AERO 360  ML,12,1,1,0
843,336486,PATO DISCO ADHESIVO FULL LARGO MARINA 12 X 36ML,12,1,1,0
849,320280,ECHO CLASICO BT 800 ML/12/AR,12,1,1,0
854,329483,LYSOFORM AERO LAVANDA BONUS 495 ML,12,1,1,0
856,329481,LYSOFORM AERO CHICO ORIGINAL 285 ML,12,1,1,0
857,329480,LYSOFORM AERO CHICO LAVANDA 285 ML,12,1,1,0
860,329485,LYSOFORM AERO CHICO BEBE 285 DISC,12,1,1,0
864,320264,BLEM CERA CERAMICOS INC. BT 2 LT/6/AR,6,1,1,0
865,345872,BLEM CERA CERAMICOS INC. BT 5 LT/4/AR,4,1,1,0
872,354237,LYSOFORM BANO GATILLO 500  ML,12,1,1,0
878,347383,LYSOFORM CONCENTRADO ORIGINAL DP 420 ML,12,1,1,0
879,314932,LYSOFORM CONCENTRADO CITRICA DP 420 ML,12,1,1,0
881,314933,LYSOFORM CONCENTRADO LAVANDA DP 420 ML,12,1,1,0
882,314934,LYSOFORM CONCENTRADO BEBE DP 420 ML,12,1,1,0
883,354241,LYSOFORM BANO DP 450  ML,15,1,1,0
884,662359,MR MUSCULO CREMA FLORAL 450  ML,12,1,1,0
887,662358,MR MUSCULO CREMA CITRUS 450  ML,12,1,1,0
899,320278,CERAMICOL BOTELLA ROJO X 800 ML/12/AR,12,1,1,0
900,344853,GLADE MINIGEL CAR LIMON 70GR,12,1,1,0
901,344852,GLADE MINIGEL CAR ACQUA 70GR,12,1,1,0
902,344839,GLADE MINIGEL FLORAL PERFECTION 70GR,12,1,1,0
903,344838,GLADE MINIGEL LIMON 70GR,12,1,1,0
904,344850,GLADE MINIGEL PLACER FLORAL Y FRUTOS ROJOS 70GR,12,1,1,0
907,344851,GLADE MINIGEL CAR LAVANDA MARINA 70GR,12,1,1,0
908,341618,"PATO DISCO ADHESIVO FULL CORTO MARINA 12 X 11,5ML",12,1,1,0
910,319525,PATO DISCO ADHESIVO REP CITRUS 24 X 36ML,24,1,1,0
912,333760,PATO DISCO ADHESIVO REP MARINA 24 X 36ML,24,1,1,0
914,333755,PATO BLOQUE  MOCHILA TWING12 X 80 GR,12,1,1,0
915,333756,PATO BLOQUE  MOCHILA  24 X 40 GR,24,1,1,0
916,320279,CERAMICOL BOTELLA NEGRO X 800 ML/12/AR,12,1,1,0
918,320282,ECHO LAVANDA BT 800 ML/12/AR,12,1,1,0
919,320284,ECHO LISTO FLORAL BT 800 ML/12/AR,12,1,1,0
920,314941,LYSOFORM CREMOSO 450  ML,12,1,1,0
922,320276,CERAMICOL BOTELLA INC X 800 ML/12/AR,12,1,1,0
923,336135,BLEM PISOS PLAST ALMENDRA BT 800 ML/12/AR,12,1,1,0
924,347349,LYSOFORM CONCENTRADO ORIGINAL BOT 800 ML,12,1,1,0
925,697364,LYSOFORM CONCENTRADO LAVANDA BOT 800 ML,12,1,1,0
926,329482,LYSOFORM AERO MONTAÑA BONUS 495ML,12,1,1,0
927,368920,LYSOFORM AERO ORIGINAL 380 ML.,12,1,1,0
928,368922,LYSOFORM AERO MONTANA 380 ML.,12,1,1,0
929,365655,PATO CANASTA SOLIDA MARINA FULL 27.5 GR X12,12,1,1,0
931,336483,PATO DISCO ADHESIVO LAV FULL 12/ 36ML AR,12,1,1,0
932,333763,PATO DISCO ADH LAV REP 36ML/24 AR,24,1,1,0
933,368919,GLD ARSL I LOVE YOU 380ML/6 AR,6,1,1,0
934,368917,GLD ARSL VANILLA 380ML/6 AR,6,1,1,0
935,368931,GLD ARSL CHERRY 380CCX6 AR,6,1,1,0
936,368932,GLADE AERO TROPICAL FLORAL 6X380ML AR,6,1,1,0
937,368939,GLD ARSL HARMONY 380ML/6 AR,6,1,1,0
938,368943,GLD ARSL MORNING FRESHNESS 380ML/6 AR,6,1,1,0
939,368936,GLD ARSL POTPOURRI 380ML/6 AR,6,1,1,0
940,368901,GLD ARSL LAVANDER 380ML/6 AR,6,1,1,0
941,368915,GLD ARSL LEMON 380CCX6 AR,6,1,1,0
942,368945,GLD ARSL OCEAN OASIS 380ML/6 AR,6,1,1,0
943,368938,GLADE ARSL COTTON CRSS 380ML/6 AR,6,1,1,0
945,365657,PATO CANASTA SOLIDA MARINA REP 27.5 GR X24,24,1,1,0
946,368500,PATO CANASTA LÍQUIDA FULL FLORAL 50 ML X12,12,1,1,0
947,356856,PATO CANASTA LÍQUIDA REP LAV 50 ML X12,12,1,1,0
948,356828,PATO CANASTA LÍQUIDA FULL LAV 50 ML X12,12,1,1,0
949,356858,PATO CANASTA LÍQUIDA REP FLORAL 50 ML X12,12,1,1,0
950,368502,PATO CANASTA LÍQUIDA FULL CITRUS 50 ML X12,12,1,1,0
1000,302684,OFF AERO FAMILY 165 ML. X 12,12,1,1,0
1003,333787,OFF CREMA FAMILY 60G/24 AR,24,1,1,0
1011,320432,OFF AERO FAMILY SECO 144 ML X 12 DISC,12,1,1,0
1018,341454,BAYGON CASA Y JARDIN AERO 300ML/12 AR,12,1,1,0
1024,337049,OFF DEFENSE EXTREME SPRAY 100ML,12,1,1,0
1025,337047,OFF DEFENSE EXTREME GEL 100ML,12,1,1,0
1026,337048,OFF DEFENSE INFANTIL SPRAY 100ML,12,1,1,0
1033,355390,FUYI TABLETAS REP X12,20,1,1,0
1034,355392,FUYI TABLETAS REP X24,80,1,1,0
1035,329903,FUYI TABLETAS REP X72,8,1,1,0
1036,337046,OFF DEFENSE BEBE GEL 100ML/12 AR,12,1,1,0
1037,365088,OFF AERO EXTRA DURACION 170 ML,12,1,1,0
1038,349431,OFF AERO FAMILY 165 ML,12,1,1,0
1039,365219,OFF AERO EXTRA DURACION BONUS 290 ML,12,1,1,0
1040,349433,OFF AERO FAMILY BONUS 290 ML /12 AR,12,1,1,0
1041,320426,OFF AERO INVISIBLE EVERYDAY 104ML/12 AR,12,1,1,0
1046,336064,"RAID LIQUIDO 45N FULL 32,9 ML",6,1,1,0
1047,336065,"FUYI LIQUIDO ELECTRICO FULL 32,9 ML",6,1,1,0
1048,316970,RAID ESSENTIALS CUCARACHAS Y HORMIGAS 360  ML,12,1,1,0
1049,316971,RAID ESSENTIALS CASA Y JARDIN 360  ML,12,1,1,0
1052,355213,RAID MAX HORMIGAS 360ML/12 AR,12,1,1,0
1053,355190,RAID AERO ANTIPOLILLAS 360ML/12 AR,12,1,1,0
1054,355347,FUYI REPELENTE AERO 170 ML,12,1,1,0
1055,333788,OFF CREMA FAMILY 196G,12,1,1,0
1056,333789,OFF CREMA EXTRA DURACION 100G,12,1,1,0
1057,333790,OFF CREMA KIDS 100G,12,1,1,0
1058,333791,OFF SPRAY FAMILY 177 ML,12,1,1,0
1059,333792,OFF SPRAY EXTRA DURACION 177 ML,12,1,1,0
1062,337856,OFF INVISIBLE SUEÑOS 12 X 100ML,12,1,1,0
1063,337851,OFF CREMA FAMILY LLAVERO 60G/24 AR,24,1,1,0
1064,355250,RAID ESSENTIALS MMM 360 ML. X 12,12,1,1,0
1065,326779,RAID LIQUIDO 45N REP FRAGANCIA 32.9,12,1,1,0
1066,368910,RAID AERO MMM 380 ML. X 12,12,1,1,0
1067,368912,RAID AERO MMM SIN OLOR 380 ML. X 12,12,1,1,0
1068,368914,RAID AERO CASA Y JARDIN 380 ML. X 12,12,1,1,0
1069,349459,OFF AERO INVISIBLE ACTIVE 104ML/12 AR,12,1,1,0
1070,349481,OFF INVISIBLE KIDS 113ML /12,12,1,1,0
1071,349457,OFF INVISIBLE SUEÑOS 12 X 113ML,12,1,1,0
1073,333787,OFF CREMA FAMILY 60G/12 AR,12,1,1,0
1110,337730,RAID AERO MMM 360 ML/12 DISC,12,1,1,0
1112,355201,RAID MAX MMM 360 ML/12,12,1,1,0
1113,337732,RAID AERO MMM SIN OLOR 360  ML,12,1,1,0
1114,324097,RAID ESPIRALES SOBRES 4 X 12 X 4UN,48,1,1,0
1115,324099,RAID ESPIRALES ESTUCHES VERDE 24 X 12UN,24,1,1,0
1116,324098,RAID ESPIRALES ESTUCHES LAV 24 X 12UN,24,1,1,0
1120,324164,RAID AERO EXTERMINADOR 360ML/12 AR,12,1,1,0
1121,355159,RAID MAX CUCARACHAS 360  ML,12,1,1,0
1122,323483,RAID AERO CASA Y JARDIN 360ML/12 AR,12,1,1,0
1123,355217,"RAID CEBOS 6 X 2,6 GR",12,1,1,0
1124,304836,RAID JERINGA 6 X 3 GR,6,1,1,0
1131,311881,RAID POLILLA PERCHA 2U,24,1,1,0
1150,309768,RAID TABLETAS APARATO SIN CABLE + 4 TABLETAS,12,1,1,0
1151,327613,RAID TABLETAS REP X 24,80,1,1,0
1152,327614,RAID TABLETAS REP X 12,20,1,1,0
1154,327611,RAID TABLETAS REP X72 DISC,8,1,1,0
1163,324780,"RAID LIQUIDO 45N REP 32,9 ML",12,1,1,0
1164,324778,"FUYI LIQUIDO ELECTRICO REP 32,9 ML",12,1,1,0
1180,355194,RAID AERO MATA PULGAS 390 ML,12,1,1,0
1213,324095,FUYI ESPIRALES COUNTRY FRESH  24 X 12UN DISC,24,1,1,0
1214,324094,FUYI ESPIRALES VERDE ESTUCHES 24 X 12UN DISC,24,1,1,0
1215,324096,FUYI ESPIRALES VERDE SOBRES 4 X 12 X 4UN,48,1,1,0
1217,693934,FUYI TABLETAS APARATO SIN CABLE + 4 TABLETAS,12,1,1,0
1220,355356,FUYI MATA MOSCAS Y MOSQUITOS AERO 360  ML,12,1,1,0
1300,324161,BAYGON MATA CUCARACHAS AERO 300ML/12 AR,12,1,1,0
1302,324158,BAYGON MATA MOSCAS Y MOSQUITOS AERO 300ML/12 AR,12,1,1,0
1511,674349,GLADE AUTOSPORT REP ACQUA 7 ML,12,1,1,0
1518,677698,GLADE AUTOSPORT FULL AUTO NUEVO 7 ML,6,1,1,0
1520,677704,GLADE AUTOSPORT REP AUTO NUEVO 7 ML,12,1,1,0
1523,667733,GLADE AUTOSPORT REP LIMON 7 ML,12,1,1,0
1524,683482,GLADE AUTOSPORT REP MENTA FRESCA 7 ML,12,1,1,0
1547,329263,GLADE TOQUE REP LIMON REFRESCANTE 2X9GR - TWINPACK,6,1,1,0
1548,329251,GLADE TOQUE FULL LIMON REFRESCANTE 9GR,12,1,1,0
1549,329255,GLADE TOQUE REP LIMON 9GR,12,1,1,0
1586,337996,LYSOFORM AUTOMATICO REF AIRE DE MONTANA 270 ML,6,1,1,0
1587,337995,LYSOFORM AUTOMATICO FULL AIRE DE MONTANA 270 ML,4,1,1,0
1589,337989,GLADE AUTOMATICO REP LIMON 270ML,6,1,1,0
1593,337986,GLADE AUTOMATICO REP PARAISO AZUL 270ML,6,1,1,0
1594,337993,GLADE AUTOMATICO APARATO LAVANDA &VAINILLA 270ML,4,1,1,0
1605,1605,GLADE CONO LAVANDA 170G,12,1,1,0
1606,1606,GLADE CONO MANZANA Y CANELA  170G,12,1,1,0
1607,1607,GLADE CONO CARICIAS DE ALGODON 170G,12,1,1,0
1608,1608,GLADE CONO HAWAIIAN BREEZE 170G,12,1,1,0
5001,339943,GLADE AERO FLORAL Y FRUTOS ROJOS 360CCX6 AR,6,1,1,0
5002,329262,GLADE TOQUE REP PLACER FLORAL Y FRUTOS ROJOS 9GR,12,1,1,0
5003,337987,GLADE AUTOMATICO REP PLACER FLORAL Y F.ROJOS 270ML,6,1,1,0
5004,5004,GLADE CONO PLACER FLORAL Y FRUTOS ROJOS 170G,12,1,1,0
5005,346302,GLADE ACEITES REP PLACER FL Y FRUT.ROJOS 21 ML,6,1,1,0
5038,341535,GLADE AUTOMATICO REP ECON LILAS 170ML DISC,6,1,1,0
5039,341536,GLADE AUTOMATICO REP ECON SANDIA 170ML DISC,6,1,1,0
5040,341537,GLADE ACEITES REP TWIN ESTACIONAL LILAS DISC,6,1,1,0
5041,341509,GLADE AERO EDICION LIMITADA 1 360CC LILAS DISC,6,1,1,0
5042,341530,GLADE AERO EDICION LIMITADA 2 360CC SANDIA DISC,6,1,1,0
5043,341533,GLADE AUTOMATICO REP EDICION LIMIT 1 270ML - LILAS,6,1,1,0
5044,341534,GLADE AUTOMATICO REP EDIC LIMIT 2 270ML - SANDIA,6,1,1,0
5045,356991,GLADE AERO ESTACIONAL SILVESTRE 360 X6 DISC,6,1,1,0
5046,356993,GLADE AUTOMATICO REP AIRE PLAYA ED,6,1,1,0
5047,356995,GLADE AUTOMATICO REP SILVESTRE 270,6,1,1,0
5048,356997,GLADE AUTOMATICO REP ECON AIRE PLAYA,6,1,1,0
5049,356999,GLADE AUTOMATICO REP ECON SILVESTRE,6,1,1,0
5050,357001,GLADE ACEITES REP TWIN EST PLAYA DISC,6,1,1,0
5051,356989,GLADE AERO ESTACIONAL AIRE PLAYA 360 C,6,1,1,0
5800,339945,GLADE AERO TROPICAL FLORAL DISC,6,1,1,0
5900,349457,GLADE TOQUE REP TWIN TROP FLOR 6X9GRS,6,1,1,0
8037,329259,GLADE TOQUE REP TRIPACK FRAG MIXTAS 3X9GR DISC,6,1,1,0
